timestamp,workflow_name,action,status
"2025-08-16T15:26:13.757Z","Unknown Workflow","Opened","info"
"2025-08-16T15:26:13.757Z","Unknown Workflow","Opened","info"
"2025-08-16T15:26:13.757Z","Unknown Workflow","Opened","info"
"2025-08-16T15:26:13.757Z","Unknown Workflow","Opened","info"
"2025-08-16T15:26:13.757Z","Unknown Workflow","Opened","info"
"2025-08-16T15:26:13.757Z","Unknown Workflow","Opened","info"
"2025-08-16T15:26:13.757Z","Unknown Workflow","Opened","info"
"2025-08-16T15:26:13.757Z","Unknown Workflow","Opened","info"
"2025-08-16T15:26:13.757Z","Unknown Workflow","Opened","info"
"2025-08-16T15:26:13.757Z","Unknown Workflow","Opened","info"
"2025-08-16T15:26:13.757Z","Unknown Workflow","started","started"
"2025-08-16T15:26:13.757Z","Unknown Workflow","action","success"
"2025-08-16T15:26:13.757Z","Unknown Workflow","Typed","info"
"2025-08-16T15:26:13.757Z","Unknown Workflow","action","success"
"2025-08-16T15:26:13.757Z","Unknown Workflow","Started","Started"
"2025-08-16T15:26:13.757Z","Unknown Workflow","Opened","info"
"2025-08-16T15:26:13.757Z","Unknown Workflow","Typed","info"
"2025-08-16T15:26:13.757Z","Unknown Workflow","action","success"
"2025-08-16T15:26:13.757Z","Unknown Workflow","Opened","info"
"2025-08-16T15:26:13.757Z","Unknown Workflow","Opened","info"
"2025-08-16T15:26:13.757Z","Unknown Workflow","Typed","info"
"2025-08-16T15:26:13.757Z","Unknown Workflow","action","success"
"2025-08-16T15:26:13.757Z","Unknown Workflow","Clicked","info"
"2025-08-16T15:26:13.757Z","Unknown Workflow","Opened","info"
"2025-08-16T15:26:13.757Z","Unknown Workflow","Typed","info"
"2025-08-16T15:26:13.757Z","Unknown Workflow","Typed","info"
"2025-08-16T15:26:13.757Z","Unknown Workflow","action","success"
"2025-08-16T15:26:13.757Z","Unknown Workflow","Opened","info"
"2025-08-16T15:26:13.757Z","Unknown Workflow","Typed","info"
"2025-08-16T15:26:13.757Z","Unknown Workflow","action","success"
"2025-08-16T15:26:13.757Z","Unknown Workflow","Clicked","info"
"2025-08-16T15:26:13.757Z","Unknown Workflow","Opened","info"
"2025-08-16T15:26:13.757Z","Unknown Workflow","Typed","info"
"2025-08-16T15:26:13.757Z","Unknown Workflow","action","success"
"2025-08-16T15:26:13.757Z","Unknown Workflow","Clicked","info"
"2025-08-16T15:26:13.757Z","Unknown Workflow","Opened","info"
"2025-08-16T15:26:13.757Z","Unknown Workflow","Typed","info"
"2025-08-16T15:26:13.757Z","Unknown Workflow","action","success"
"2025-08-16T15:26:13.757Z","Unknown Workflow","Clicked","info"
"2025-08-16T15:26:13.757Z","Unknown Workflow","Opened","info"
"2025-08-16T15:26:13.757Z","Unknown Workflow","Typed","info"
"2025-08-16T15:26:13.757Z","Unknown Workflow","action","success"
"2025-08-16T15:26:13.757Z","Unknown Workflow","Clicked","info"
"2025-08-16T15:26:13.757Z","Unknown Workflow","Opened","info"
"2025-08-16T15:26:13.757Z","Unknown Workflow","Typed","info"
"2025-08-16T15:26:13.757Z","Unknown Workflow","Opened","info"
"2025-08-16T15:26:13.757Z","Unknown Workflow","Opened","info"
"2025-08-16T15:26:13.757Z","Unknown Workflow","Opened","info"
"2025-08-16T15:26:13.757Z","Unknown Workflow","Opened","info"
"2025-08-16T15:26:13.757Z","Unknown Workflow","Opened","info"
"2025-08-16T15:26:13.757Z","Unknown Workflow","Opened","info"
"2025-08-16T15:26:13.757Z","Unknown Workflow","Opened","info"
"2025-08-16T15:26:13.757Z","Unknown Workflow","Opened","info"
"2025-08-16T15:26:13.757Z","Unknown Workflow","Opened","info"
"2025-08-16T15:26:13.757Z","Unknown Workflow","Opened","info"
"2025-08-16T15:26:13.757Z","Unknown Workflow","started","started"
"2025-08-16T15:26:13.757Z","Unknown Workflow","action","success"
"2025-08-16T15:26:13.757Z","Unknown Workflow","Typed","info"
"2025-08-16T15:26:13.757Z","Unknown Workflow","action","success"
"2025-08-16T15:26:13.757Z","Unknown Workflow","Started","Started"
"2025-08-16T15:26:13.757Z","Unknown Workflow","Opened","info"
"2025-08-16T15:26:13.757Z","Unknown Workflow","Typed","info"
"2025-08-16T15:26:13.757Z","Unknown Workflow","action","success"
"2025-08-16T15:26:13.757Z","Unknown Workflow","Opened","info"
"2025-08-16T15:26:13.757Z","Unknown Workflow","Opened","info"
"2025-08-16T15:26:13.757Z","Unknown Workflow","Typed","info"
"2025-08-16T15:26:13.757Z","Unknown Workflow","action","success"
"2025-08-16T15:26:13.757Z","Unknown Workflow","Clicked","info"
"2025-08-16T15:26:13.757Z","Unknown Workflow","Opened","info"
"2025-08-16T15:26:13.757Z","Unknown Workflow","Typed","info"
"2025-08-16T15:26:13.757Z","Unknown Workflow","Typed","info"
"2025-08-16T15:26:13.757Z","Unknown Workflow","action","success"
"2025-08-16T15:26:13.757Z","Unknown Workflow","Opened","info"
"2025-08-16T15:26:13.757Z","Unknown Workflow","Typed","info"
"2025-08-16T15:26:13.757Z","Unknown Workflow","action","success"
"2025-08-16T15:26:13.757Z","Unknown Workflow","Clicked","info"
"2025-08-16T15:26:13.757Z","Unknown Workflow","Opened","info"
"2025-08-16T15:26:13.757Z","Unknown Workflow","Typed","info"
"2025-08-16T15:26:13.757Z","Unknown Workflow","action","success"
"2025-08-16T15:26:13.757Z","Unknown Workflow","Clicked","info"
"2025-08-16T15:26:13.757Z","Unknown Workflow","Opened","info"
"2025-08-16T15:26:13.757Z","Unknown Workflow","Typed","info"
"2025-08-16T15:26:13.757Z","Unknown Workflow","action","success"
"2025-08-16T15:26:13.757Z","Unknown Workflow","Clicked","info"
"2025-08-16T15:26:13.757Z","Unknown Workflow","Opened","info"
"2025-08-16T15:26:13.757Z","Unknown Workflow","Typed","info"
"2025-08-16T15:26:13.757Z","Unknown Workflow","action","success"
"2025-08-16T15:26:13.757Z","Unknown Workflow","Clicked","info"
"2025-08-16T15:26:13.757Z","Unknown Workflow","Opened","info"
"2025-08-16T15:26:13.757Z","Unknown Workflow","Typed","info"
